icd_category,icd_code,icd_version,icd_desc,icd_duplicate,ccsr_category
cld,7707,9,PERINATAL CHR RESP DIS,0,Other perinatal conditions
cld,P270,10,Wilson-Mikity syndrome,0,Respiratory perinatal condition
cld,P271,10,Bronchopulmonary dysplasia originating in the perinatal period,0,Respiratory perinatal condition
cld,P278,10,Other chronic respiratory diseases originating in the perinatal period,0,Respiratory perinatal condition
cld,P279,10,Unspecified chronic respiratory disease originating in the perinatal period,0,Respiratory perinatal condition
cmal_severe,7420,9,ENCEPHALOCELE,0,Nervous system congenital anomalies
cmal_severe,74300,9,CLINIC ANOPHTHALMOS NOS,0,Other congenital anomalies
cmal_severe,74510,9,COMPL TRANSPOS GREAT VES,0,Cardiac and circulatory congenital anomalies
cmal_severe,74511,9,DOUBLE OUTLET RT VENTRIC,0,Cardiac and circulatory congenital anomalies
cmal_severe,7453,9,COMMON VENTRICLE,0,Cardiac and circulatory congenital anomalies
cmal_severe,7467,9,HYPOPLAS LEFT HEART SYND,0,Cardiac and circulatory congenital anomalies
cmal_severe,74741,9,TOT ANOM PULM VEN CONNEC,0,Cardiac and circulatory congenital anomalies
cmal_severe,75310,9,CYSTIC KIDNEY DISEAS NOS (Begin 1990),0,Genitourinary congenital anomalies
cmal_severe,7566,9,ANOMALIES OF DIAPHRAGM,0,Other congenital anomalies
cmal_severe,75672,9,Omphalocele (Begin 2009),0,Other congenital anomalies
cmal_severe,7581,9,PATAU-s SYNDROME,0,Other congenital anomalies
cmal_severe,7582,9,EDWARD-s SYNDROME,0,Other congenital anomalies
cmal_severe,7594,9,CONJOINED TWINS,0,Other congenital anomalies
cmal_severe,Q019,10,"Encephalocele, unspecified",0,Nervous system congenital anomalies
cmal_severe,Q111,10,Other anophthalmos,0,"Congenital malformations of eye, ear, face, neck"
cmal_severe,Q203,10,Discordant ventriculoarterial connection,0,Cardiac and circulatory congenital anomalies
cmal_severe,Q201,10,Double outlet right ventricle,0,Cardiac and circulatory congenital anomalies
cmal_severe,Q204,10,Double inlet ventricle,0,Cardiac and circulatory congenital anomalies
cmal_severe,Q234,10,Hypoplastic left heart syndrome,0,Cardiac and circulatory congenital anomalies
cmal_severe,Q262,10,Total anomalous pulmonary venous connection,0,Cardiac and circulatory congenital anomalies
cmal_severe,Q6100,10,"Congenital renal cyst, unspecified",0,Genitourinary congenital anomalies
cmal_severe,Q619,10,"Cystic kidney disease, unspecified",0,Genitourinary congenital anomalies
cmal_severe,Q791,10,Other congenital malformations of diaphragm,0,Musculoskeletal congenital conditions
cmal_severe,Q790,10,Congenital diaphragmatic hernia,0,Musculoskeletal congenital conditions
cmal_severe,Q792,10,Exomphalos,0,Musculoskeletal congenital conditions
cmal_severe,Q917,10,"Trisomy 13, unspecified",0,Chromosomal abnormalities
cmal_severe,Q913,10,"Trisomy 18, unspecified",0,Chromosomal abnormalities
cmal_severe,Q894,10,Conjoined twins,0,Other specified and unspecified congenital anomalies
ivh34,77213,9,INTRAVENT HEMORRHAGE GRADE III (Begin 2001),0,Other perinatal conditions
ivh34,77214,9,INTRAVENT HEMORRHAGE GRADE IV (Begin 2001),0,Other perinatal conditions
ivh34,P5221,10,"Intraventricular (nontraumatic) hemorrhage, grade 3, of newborn",0,Hemorrhagic and hematologic disorders of newborn
ivh34,P5222,10,"Intraventricular (nontraumatic) hemorrhage, grade 4, of newborn",0,Hemorrhagic and hematologic disorders of newborn
nec3,77753,9,STG III NEC ENTEROCOL NB (Begin 2008),0,Other perinatal conditions
nec3,P773,10,Stage 3 necrotizing enterocolitis in newborn,0,Neonatal digestive and feeding disorders
noscomial,Y95,10,Nosocomial condition,0,"External cause codes: complications of medical and surgical care, initial encounter"
pvl,7797,9,PREVENTRICULAR LEUKOMALACIA (Begin 2001),0,Other perinatal conditions
pvl,85400,9,BRAIN INJURY NEC,0,Intracranial injury
pvl,85401,9,BRAIN INJURY NEC-NO COMA,0,Intracranial injury
pvl,85402,9,BRAIN INJ NEC-BRIEF COMA,0,Intracranial injury
pvl,85403,9,BRAIN INJ NEC-MOD COMA,0,Intracranial injury
pvl,85404,9,BRAIN INJ NEC-PROLN COMA,0,Intracranial injury
pvl,85405,9,BRAIN INJ NEC-DEEP COMA,0,Intracranial injury
pvl,85406,9,BRAIN INJ NEC-COMA NOS,0,Intracranial injury
pvl,85409,9,BRAIN INJ NEC-CONCUSSION,0,Intracranial injury
pvl,85410,9,BRAIN INJURY W OPN WND,0,Intracranial injury
pvl,85411,9,OPN BRAIN INJ W/O COMA,0,Intracranial injury
pvl,85412,9,OPN BRAIN INJ-BRIEF COMA,0,Intracranial injury
pvl,85413,9,OPN BRAIN INJ-MOD COMA,0,Intracranial injury
pvl,85414,9,OPN BRAIN INJ-PROLN COMA,0,Intracranial injury
pvl,85415,9,OPN BRAIN INJ-DEEP COMA,0,Intracranial injury
pvl,85416,9,OPEN BRAIN INJ-COMA NOS,0,Intracranial injury
pvl,85419,9,OPN BRAIN INJ-CONCUSSION,0,Intracranial injury
pvl,P912,10,Neonatal cerebral leukomalacia,0,Neonatal cerebral disorders
pvl,S061X0A,10,"Traumatic cerebral edema without loss of consciousness, initial encounter",0,"Traumatic brain injury (TBI); concussion, initial encounter"
pvl,S061X1A,10,"Traumatic cerebral edema with loss of consciousness of 30 minutes or less, initial encounter",0,"Traumatic brain injury (TBI); concussion, initial encounter"
pvl,S061X2A,10,"Traumatic cerebral edema with loss of consciousness of 31 minutes to 59 minutes, initial encounter",0,"Traumatic brain injury (TBI); concussion, initial encounter"
pvl,S061X3A,10,"Traumatic cerebral edema with loss of consciousness of 1 hour to 5 hours 59 minutes, initial encounter",0,"Traumatic brain injury (TBI); concussion, initial encounter"
pvl,S061X4A,10,"Traumatic cerebral edema with loss of consciousness of 6 hours to 24 hours, initial encounter",0,"Traumatic brain injury (TBI); concussion, initial encounter"
pvl,S061X5A,10,"Traumatic cerebral edema with loss of consciousness greater than 24 hours with return to pre-existing conscious level, initial encounter",0,"Traumatic brain injury (TBI); concussion, initial encounter"
pvl,S061X6A,10,"Traumatic cerebral edema with loss of consciousness greater than 24 hours without return to pre-existing conscious level with patient surviving, initial encounter",0,"Traumatic brain injury (TBI); concussion, initial encounter"
pvl,S061X7A,10,"Traumatic cerebral edema with loss of consciousness of any duration with death due to brain injury prior to regaining consciousness, initial encounter",0,"Traumatic brain injury (TBI); concussion, initial encounter"
pvl,S061X8A,10,"Traumatic cerebral edema with loss of consciousness of any duration with death due to other cause prior to regaining consciousness, initial encounter",0,"Traumatic brain injury (TBI); concussion, initial encounter"
pvl,S061X9A,10,"Traumatic cerebral edema with loss of consciousness of unspecified duration, initial encounter",0,"Traumatic brain injury (TBI); concussion, initial encounter"
pvl,S06890A,10,"Other specified intracranial injury without loss of consciousness, initial encounter",0,"Traumatic brain injury (TBI); concussion, initial encounter"
pvl,S069X0A,10,"Unspecified intracranial injury without loss of consciousness, initial encounter",0,"Traumatic brain injury (TBI); concussion, initial encounter"
pvl,S069X1A,10,"Unspecified intracranial injury with loss of consciousness of 30 minutes or less, initial encounter",0,"Traumatic brain injury (TBI); concussion, initial encounter"
pvl,S069X2A,10,"Unspecified intracranial injury with loss of consciousness of 31 minutes to 59 minutes, initial encounter",0,"Traumatic brain injury (TBI); concussion, initial encounter"
pvl,S069X3A,10,"Unspecified intracranial injury with loss of consciousness of 1 hour to 5 hours 59 minutes, initial encounter",0,"Traumatic brain injury (TBI); concussion, initial encounter"
pvl,S069X4A,10,"Unspecified intracranial injury with loss of consciousness of 6 hours to 24 hours, initial encounter",0,"Traumatic brain injury (TBI); concussion, initial encounter"
pvl,S069X5A,10,"Unspecified intracranial injury with loss of consciousness greater than 24 hours with return to pre-existing conscious level, initial encounter",0,"Traumatic brain injury (TBI); concussion, initial encounter"
pvl,S069X6A,10,"Unspecified intracranial injury with loss of consciousness greater than 24 hours without return to pre-existing conscious level with patient surviving, initial encounter",0,"Traumatic brain injury (TBI); concussion, initial encounter"
pvl,S069X9A,10,"Unspecified intracranial injury with loss of consciousness of unspecified duration, initial encounter",0,"Traumatic brain injury (TBI); concussion, initial encounter"
rop345,36225,9,RETINOPH PREMATRSTAGE 3 (Begin 2008),0,Retinal detachments; defects; vascular occlusion; and retinopathy
rop345,36226,9,RETINOPH PREMATR.STAGE 4 (Begin 2008),0,Retinal detachments; defects; vascular occlusion; and retinopathy
rop345,36227,9,RETINOPH PREMATRSTAGE 5 (Begin 2008),0,Retinal detachments; defects; vascular occlusion; and retinopathy
rop345,H35141,10,"Retinopathy of prematurity, stage 3, right eye",0,Retinal and vitreous conditions
rop345,H35142,10,"Retinopathy of prematurity, stage 3, left eye",0,Retinal and vitreous conditions
rop345,H35143,10,"Retinopathy of prematurity, stage 3, bilateral",0,Retinal and vitreous conditions
rop345,H35149,10,"Retinopathy of prematurity, stage 3, unspecified eye",0,Retinal and vitreous conditions
rop345,H35151,10,"Retinopathy of prematurity, stage 4, right eye",0,Retinal and vitreous conditions
rop345,H35152,10,"Retinopathy of prematurity, stage 4, left eye",0,Retinal and vitreous conditions
rop345,H35153,10,"Retinopathy of prematurity, stage 4, bilateral",0,Retinal and vitreous conditions
rop345,H35159,10,"Retinopathy of prematurity, stage 4, unspecified eye",0,Retinal and vitreous conditions
rop345,H35161,10,"Retinopathy of prematurity, stage 5, right eye",0,Retinal and vitreous conditions
rop345,H35162,10,"Retinopathy of prematurity, stage 5, left eye",0,Retinal and vitreous conditions
rop345,H35163,10,"Retinopathy of prematurity, stage 5, bilateral",0,Retinal and vitreous conditions
rop345,H35169,10,"Retinopathy of prematurity, stage 5, unspecified eye",0,Retinal and vitreous conditions
surgery_indicated,3313,9,COMMUNICAT HYDROCEPHALUS,0,Other hereditary and degenerative nervous system conditions
surgery_indicated,3314,9,OBSTRUCTIV HYDROCEPHALUS,0,Other hereditary and degenerative nervous system conditions
surgery_indicated,3484,9,COMPRESSION OF BRAIN,0,Other nervous system disorders
surgery_indicated,3485,9,CEREBRAL EDEMA,0,Other nervous system disorders
surgery_indicated,36220,9,RETINOPH PREMATURITY NOS (Begin 2008),0,Retinal detachments; defects; vascular occlusion; and retinopathy
surgery_indicated,36221,9,RETROLENTAL FIBROPLASIA,0,Retinal detachments; defects; vascular occlusion; and retinopathy
surgery_indicated,36222,9,RETINOPH PREMATRSTAGE 0 (Begin 2008),0,Retinal detachments; defects; vascular occlusion; and retinopathy
surgery_indicated,36223,9,RETINOPH PREMATRSTAGE 1 (Begin 2008),0,Retinal detachments; defects; vascular occlusion; and retinopathy
surgery_indicated,36224,9,RETINOPH PREMATRSTAGE 2 (Begin 2008),0,Retinal detachments; defects; vascular occlusion; and retinopathy
surgery_indicated,36225,9,RETINOPH PREMATRSTAGE 3 (Begin 2008),0,Retinal detachments; defects; vascular occlusion; and retinopathy
surgery_indicated,36226,9,RETINOPH PREMATR.STAGE 4 (Begin 2008),0,Retinal detachments; defects; vascular occlusion; and retinopathy
surgery_indicated,3940,9,MITRAL STENOSIS,0,Heart valve disorders
surgery_indicated,3963,9,MITRAL/AORTIC VAL INSUFF,0,Heart valve disorders
surgery_indicated,3970,9,TRICUSPID VALVE DISEASE,0,Heart valve disorders
surgery_indicated,4240,9,MITRAL VALVE DISORDER,0,Heart valve disorders
surgery_indicated,4241,9,AORTIC VALVE DISORDER,0,Heart valve disorders
surgery_indicated,4242,9,NONRHEUM TRICUSP VAL DIS,0,Heart valve disorders
surgery_indicated,4243,9,PULMONARY VALVE DISORDER,0,Heart valve disorders
surgery_indicated,53084,9,TRACHEOESOPHAGEAL FISTULA (Begin 1993),0,Esophageal disorders
surgery_indicated,5370,9,ACQ PYLORIC STENOSIS,0,Other disorders of stomach and duodenum
surgery_indicated,5373,9,DUODENAL OBSTRUCTION NEC,0,Other disorders of stomach and duodenum
surgery_indicated,55010,9,UNILAT ING HERNIA W OBST,0,Abdominal hernia
surgery_indicated,55012,9,BILAT ING HERNIA W OBST,0,Abdominal hernia
surgery_indicated,55090,9,UNILAT INGUINAL HERNIA,0,Abdominal hernia
surgery_indicated,55092,9,BILAT INGUINAL HERNIA,0,Abdominal hernia
surgery_indicated,55093,9,RECUR BILAT INGUIN HERN,0,Abdominal hernia
surgery_indicated,5533,9,DIAPHRAGMATIC HERNIA,0,Abdominal hernia
surgery_indicated,5602,9,VOLVULUS OF INTESTINE,0,Intestinal obstruction without hernia
surgery_indicated,56039,9,IMPACTION INTESTINE NEC,0,Intestinal obstruction without hernia
surgery_indicated,56081,9,INTESTINAL ADHES W OBSTR,0,Intestinal obstruction without hernia
surgery_indicated,56089,9,INTESTINAL OBSTRUCT NEC,0,Intestinal obstruction without hernia
surgery_indicated,5609,9,INTESTINAL OBSTRUCT NOS,0,Intestinal obstruction without hernia
surgery_indicated,56721,9,PERITONITIS (ACUTE) GEN (Begin 2005),0,Peritonitis and intestinal abscess
surgery_indicated,56722,9,PERITONEAL ABSCESS (Begin 2005),0,Peritonitis and intestinal abscess
surgery_indicated,56729,9,SUPPURAT PERITONITIS NEC (Begin 2005),0,Peritonitis and intestinal abscess
surgery_indicated,56789,9,PERITONITIS NEC (Begin 2005),0,Peritonitis and intestinal abscess
surgery_indicated,5679,9,PERITONITIS NOS,0,Peritonitis and intestinal abscess
surgery_indicated,56981,9,INTESTINAL FISTULA,0,Other gastrointestinal disorders
surgery_indicated,56983,9,PERFORATION OF INTESTINE,0,Other gastrointestinal disorders
surgery_indicated,5934,9,URETERIC OBSTRUCTION NEC,0,Other diseases of kidney and ureters
surgery_indicated,5960,9,BLADDER NECK OBSTRUCTION,0,Other diseases of bladder and urethra
surgery_indicated,59960,9,URINARY OBSTRUCTION NOS (Begin 2005),0,Genitourinary symptoms and ill-defined conditions
surgery_indicated,60820,9,TORSION OF TESTIS NOS (Begin 2006),0,Other male genital disorders
surgery_indicated,60821,9,EXTRAVAG TORS SPERM CORD (Begin 2006),0,Other male genital disorders
surgery_indicated,60824,9,TORSION APPY EPIDIDYMIS (Begin 2006),0,Other male genital disorders
surgery_indicated,7246,9,DISORDERS OF SACRUM,0,Spondylosis; intervertebral disc disorders; other back problems
surgery_indicated,72479,9,DISORDER OF COCCYX NEC,0,Spondylosis; intervertebral disc disorders; other back problems
surgery_indicated,74100,9,SPIN BIF W HYDROCEPH NOS,0,Nervous system congenital anomalies
surgery_indicated,74101,9,SPIN BIF W HYDRCEPH-CERV,0,Nervous system congenital anomalies
surgery_indicated,74102,9,SPIN BIF W HYDRCEPH-DORS,0,Nervous system congenital anomalies
surgery_indicated,74103,9,SPIN BIF W HYDRCEPH-LUMB,0,Nervous system congenital anomalies
surgery_indicated,74190,9,SPINA BIFIDA,0,Nervous system congenital anomalies
surgery_indicated,74191,9,SPINA BIFIDA-CERV,0,Nervous system congenital anomalies
surgery_indicated,74192,9,SPINA BIFIDA-DORSAL,0,Nervous system congenital anomalies
surgery_indicated,74193,9,SPINA BIFIDA-LUMBAR,0,Nervous system congenital anomalies
surgery_indicated,7420,9,ENCEPHALOCELE,0,Nervous system congenital anomalies
surgery_indicated,7423,9,CONGENITAL HYDROCEPHALUS,0,Nervous system congenital anomalies
surgery_indicated,74259,9,SPINAL CORD ANOMALY NEC,0,Nervous system congenital anomalies
surgery_indicated,7450,9,COMMON TRUNCUS,0,Cardiac and circulatory congenital anomalies
surgery_indicated,74510,9,COMPL TRANSPOS GREAT VES,0,Cardiac and circulatory congenital anomalies
surgery_indicated,74511,9,DOUBLE OUTLET RT VENTRIC,0,Cardiac and circulatory congenital anomalies
surgery_indicated,74512,9,CORRECT TRANSPOS GRT VES,0,Cardiac and circulatory congenital anomalies
surgery_indicated,74519,9,TRANSPOS GREAT VESS NEC,0,Cardiac and circulatory congenital anomalies
surgery_indicated,7452,9,TETRALOGY OF FALLOT,0,Cardiac and circulatory congenital anomalies
surgery_indicated,7453,9,COMMON VENTRICLE,0,Cardiac and circulatory congenital anomalies
surgery_indicated,7454,9,VENTRICULAR SEPT DEFECT,0,Cardiac and circulatory congenital anomalies
surgery_indicated,74560,9,ENDOCARD CUSHION DEF NOS,0,Cardiac and circulatory congenital anomalies
surgery_indicated,74569,9,ENDOCARD CUSHION DEF NEC,0,Cardiac and circulatory congenital anomalies
surgery_indicated,7458,9,SEPTAL CLOSURE ANOM NEC,0,Cardiac and circulatory congenital anomalies
surgery_indicated,7459,9,SEPTAL CLOSURE ANOM NOS,0,Cardiac and circulatory congenital anomalies
surgery_indicated,74600,9,PULMONARY VALVE ANOM NOS,0,Cardiac and circulatory congenital anomalies
surgery_indicated,74601,9,CONG PULMON VALV ATRESIA,0,Cardiac and circulatory congenital anomalies
surgery_indicated,74602,9,CONG PULMON VALVE STENOS,0,Cardiac and circulatory congenital anomalies
surgery_indicated,74609,9,PULMONARY VALVE ANOM NEC,0,Cardiac and circulatory congenital anomalies
surgery_indicated,7461,9,CONG TRICUSP ATRES/STEN,0,Cardiac and circulatory congenital anomalies
surgery_indicated,7462,9,EBSTEIN-s ANOMALY,0,Cardiac and circulatory congenital anomalies
surgery_indicated,7463,9,CONG AORTA VALV STENOSIS,0,Cardiac and circulatory congenital anomalies
surgery_indicated,7464,9,CONG AORTA VALV INSUFFIC,0,Cardiac and circulatory congenital anomalies
surgery_indicated,7465,9,CONGEN MITRAL STENOSIS,0,Cardiac and circulatory congenital anomalies
surgery_indicated,7466,9,CONG MITRAL INSUFFICIENC,0,Cardiac and circulatory congenital anomalies
surgery_indicated,7467,9,HYPOPLAS LEFT HEART SYND,0,Cardiac and circulatory congenital anomalies
surgery_indicated,74681,9,CONG SUBAORTIC STENOSIS,0,Cardiac and circulatory congenital anomalies
surgery_indicated,74682,9,COR TRIATRIATUM,0,Cardiac and circulatory congenital anomalies
surgery_indicated,74683,9,INFUNDIB PULMON STENOSIS,0,Cardiac and circulatory congenital anomalies
surgery_indicated,74684,9,OBSTRUCT HEART ANOM NEC,0,Cardiac and circulatory congenital anomalies
surgery_indicated,74685,9,CORONARY ARTERY ANOMALY,0,Cardiac and circulatory congenital anomalies
surgery_indicated,74689,9,CONG HEART ANOMALY NEC,0,Cardiac and circulatory congenital anomalies
surgery_indicated,7469,9,CONG HEART ANOMALY NOS,0,Cardiac and circulatory congenital anomalies
surgery_indicated,7470,9,PATENT DUCTUS ARTERIOSUS,0,Cardiac and circulatory congenital anomalies
surgery_indicated,74710,9,COARCTATION OF AORTA,0,Cardiac and circulatory congenital anomalies
surgery_indicated,74711,9,INTERRUPT OF AORTIC ARCH,0,Cardiac and circulatory congenital anomalies
surgery_indicated,74720,9,CONG ANOM OF AORTA NOS,0,Cardiac and circulatory congenital anomalies
surgery_indicated,74721,9,ANOMALIES OF AORTIC ARCH,0,Cardiac and circulatory congenital anomalies
surgery_indicated,74722,9,AORTIC ATRESIA/STENOSIS,0,Cardiac and circulatory congenital anomalies
surgery_indicated,74729,9,CONG ANOM OF AORTA NEC,0,Cardiac and circulatory congenital anomalies
surgery_indicated,74731,9,Pulmon art coarct/atres (Begin 2011),0,Cardiac and circulatory congenital anomalies
surgery_indicated,74732,9,Pulmonary AV malformatn (Begin 2011),0,Cardiac and circulatory congenital anomalies
surgery_indicated,74739,9,Oth anom pul artery/circ (Begin 2011),0,Cardiac and circulatory congenital anomalies
surgery_indicated,74740,9,GREAT VEIN ANOMALY NOS,0,Cardiac and circulatory congenital anomalies
surgery_indicated,74741,9,TOT ANOM PULM VEN CONNEC,0,Cardiac and circulatory congenital anomalies
surgery_indicated,74742,9,PART ANOM PULM VEN CONN,0,Cardiac and circulatory congenital anomalies
surgery_indicated,74749,9,GREAT VEIN ANOMALY NEC,0,Cardiac and circulatory congenital anomalies
surgery_indicated,7482,9,LARYNGEAL WEB,0,Other congenital anomalies
surgery_indicated,7483,9,LARYNGOTRACH ANOMALY NEC,0,Other congenital anomalies
surgery_indicated,7503,9,CONG ESOPH FISTULA/ATRES,0,Digestive congenital anomalies
surgery_indicated,7504,9,ESOPHAGEAL ANOMALY NEC,0,Digestive congenital anomalies
surgery_indicated,7505,9,CONG PYLORIC STENOSIS,0,Digestive congenital anomalies
surgery_indicated,7507,9,GASTRIC ANOMALY NEC,0,Digestive congenital anomalies
surgery_indicated,7508,9,UPPER GI ANOMALY NEC,0,Digestive congenital anomalies
surgery_indicated,7509,9,UPPER GI ANOMALY NOS,0,Digestive congenital anomalies
surgery_indicated,7511,9,ATRESIA SMALL INTESTINE,0,Digestive congenital anomalies
surgery_indicated,7512,9,ATRESIA LARGE INTESTINE,0,Digestive congenital anomalies
surgery_indicated,7513,9,HIRSCHSPRUNG-s DISEASE,0,Digestive congenital anomalies
surgery_indicated,7514,9,INTESTINAL FIXATION ANOM,0,Digestive congenital anomalies
surgery_indicated,7515,9,INTESTINAL ANOMALY NEC,0,Digestive congenital anomalies
surgery_indicated,75160,9,BILIARY & LIVER ANOM NOS,0,Digestive congenital anomalies
surgery_indicated,75161,9,BILIARY ATRESIA,0,Digestive congenital anomalies
surgery_indicated,75169,9,BILIARY & LIVER ANOM NEC,0,Digestive congenital anomalies
surgery_indicated,75320,9,OBSTR URETER NOS (Begin 1996),0,Genitourinary congenital anomalies
surgery_indicated,75321,9,OBSTR URETERPELV JCT (Begin 1996),0,Genitourinary congenital anomalies
surgery_indicated,75322,9,OBSTR URETERVESC JCT (Begin 1996),0,Genitourinary congenital anomalies
surgery_indicated,7534,9,URETERAL ANOMALY NEC,0,Genitourinary congenital anomalies
surgery_indicated,7535,9,BLADDER EXSTROPHY,0,Genitourinary congenital anomalies
surgery_indicated,7536,9,CONGEN URETHRAL STENOSIS,0,Genitourinary congenital anomalies
surgery_indicated,75610,9,ANOMALY OF SPINE NOS,0,Other congenital anomalies
surgery_indicated,75617,9,SPINA BIFIDA OCCULTA,0,Other congenital anomalies
surgery_indicated,75619,9,ANOMALY OF SPINE NEC,0,Other congenital anomalies
surgery_indicated,7566,9,ANOMALIES OF DIAPHRAGM,0,Other congenital anomalies
surgery_indicated,75670,9,CONG ANOM ABD WALL NOS (Begin 1997),0,Other congenital anomalies
surgery_indicated,75671,9,CONG ANOM PRUNE BELLY SYND (Begin 1997),0,Other congenital anomalies
surgery_indicated,75672,9,Omphalocele (Begin 2009),0,Other congenital anomalies
surgery_indicated,75673,9,Gastroschisis (Begin 2009),0,Other congenital anomalies
surgery_indicated,75679,9,OT CONG ANOM ABD WALL (Begin 1997),0,Other congenital anomalies
surgery_indicated,77750,9,NEC ENTEROCOLTIS NB NOS (Begin 2008),0,Other perinatal conditions
surgery_indicated,77751,9,STG I NEC ENTEROCOL NB (Begin 2008),0,Other perinatal conditions
surgery_indicated,77752,9,STG II NEC ENTEROCOL NB (Begin 2008),0,Other perinatal conditions
surgery_indicated,77753,9,STG III NEC ENTEROCOL NB (Begin 2008),0,Other perinatal conditions
surgery_indicated,7776,9,PERINATAL INTEST PERFOR,0,Other perinatal conditions
surgery_indicated,7778,9,PERINAT GI SYS DIS NEC,0,Other perinatal conditions
surgery_indicated,7779,9,PERINAT GI SYS DIS NOS,0,Other perinatal conditions
surgery_indicated,G910,10,Communicating hydrocephalus,0,Other nervous system disorders (neither hereditary nor degenerative)
surgery_indicated,G911,10,Obstructive hydrocephalus,0,Other nervous system disorders (neither hereditary nor degenerative)
surgery_indicated,G935,10,Compression of brain,0,Other nervous system disorders (neither hereditary nor degenerative)
surgery_indicated,G936,10,Cerebral edema,0,Other nervous system disorders (neither hereditary nor degenerative)
surgery_indicated,H35109,10,"Retinopathy of prematurity, unspecified, unspecified eye",0,Retinal and vitreous conditions
surgery_indicated,H35179,10,"Retrolental fibroplasia, unspecified eye",0,Retinal and vitreous conditions
surgery_indicated,H35119,10,"Retinopathy of prematurity, stage 0, unspecified eye",0,Retinal and vitreous conditions
surgery_indicated,H35129,10,"Retinopathy of prematurity, stage 1, unspecified eye",0,Retinal and vitreous conditions
surgery_indicated,H35139,10,"Retinopathy of prematurity, stage 2, unspecified eye",0,Retinal and vitreous conditions
surgery_indicated,H35149,10,"Retinopathy of prematurity, stage 3, unspecified eye",0,Retinal and vitreous conditions
surgery_indicated,H35159,10,"Retinopathy of prematurity, stage 4, unspecified eye",0,Retinal and vitreous conditions
surgery_indicated,I050,10,Rheumatic mitral stenosis,0,Chronic rheumatic heart disease
surgery_indicated,I080,10,Rheumatic disorders of both mitral and aortic valves,0,Chronic rheumatic heart disease
surgery_indicated,I072,10,Rheumatic tricuspid stenosis and insufficiency,0,Chronic rheumatic heart disease
surgery_indicated,I078,10,Other rheumatic tricuspid valve diseases,0,Chronic rheumatic heart disease
surgery_indicated,I071,10,Rheumatic tricuspid insufficiency,0,Chronic rheumatic heart disease
surgery_indicated,I340,10,Nonrheumatic mitral (valve) insufficiency,0,Nonrheumatic and unspecified valve disorders
surgery_indicated,I348,10,Other nonrheumatic mitral valve disorders,0,Nonrheumatic and unspecified valve disorders
surgery_indicated,I358,10,Other nonrheumatic aortic valve disorders,0,Nonrheumatic and unspecified valve disorders
surgery_indicated,I359,10,"Nonrheumatic aortic valve disorder, unspecified",0,Nonrheumatic and unspecified valve disorders
surgery_indicated,I352,10,Nonrheumatic aortic (valve) stenosis with insufficiency,0,Nonrheumatic and unspecified valve disorders
surgery_indicated,I351,10,Nonrheumatic aortic (valve) insufficiency,0,Nonrheumatic and unspecified valve disorders
surgery_indicated,I350,10,Nonrheumatic aortic (valve) stenosis,0,Nonrheumatic and unspecified valve disorders
surgery_indicated,I360,10,Nonrheumatic tricuspid (valve) stenosis,0,Nonrheumatic and unspecified valve disorders
surgery_indicated,I368,10,Other nonrheumatic tricuspid valve disorders,0,Nonrheumatic and unspecified valve disorders
surgery_indicated,I378,10,Other nonrheumatic pulmonary valve disorders,0,Nonrheumatic and unspecified valve disorders
surgery_indicated,I370,10,Nonrheumatic pulmonary valve stenosis,0,Nonrheumatic and unspecified valve disorders
surgery_indicated,J860,10,Pyothorax with fistula,0,"Pleurisy, pleural effusion and pulmonary collapse"
surgery_indicated,K311,10,Adult hypertrophic pyloric stenosis,0,Other specified and unspecified disorders of stomach and duodenum
surgery_indicated,K315,10,Obstruction of duodenum,0,Intestinal obstruction and ileus
surgery_indicated,K4030,10,"Unilateral inguinal hernia, with obstruction, without gangrene, not specified as recurrent",0,Abdominal hernia
surgery_indicated,K4000,10,"Bilateral inguinal hernia, with obstruction, without gangrene, not specified as recurrent",0,Abdominal hernia
surgery_indicated,K4090,10,"Unilateral inguinal hernia, without obstruction or gangrene, not specified as recurrent",0,Abdominal hernia
surgery_indicated,K4020,10,"Bilateral inguinal hernia, without obstruction or gangrene, not specified as recurrent",0,Abdominal hernia
surgery_indicated,K4021,10,"Bilateral inguinal hernia, without obstruction or gangrene, recurrent",0,Abdominal hernia
surgery_indicated,K449,10,Diaphragmatic hernia without obstruction or gangrene,0,Abdominal hernia
surgery_indicated,K562,10,Volvulus,0,Intestinal obstruction and ileus
surgery_indicated,K5649,10,Other impaction of intestine,0,Intestinal obstruction and ileus
surgery_indicated,K5651,10,"Intestinal adhesions [bands], with partial obstruction",0,Intestinal obstruction and ileus
surgery_indicated,K5652,10,Intestinal adhesions [bands] with complete obstruction,0,Intestinal obstruction and ileus
surgery_indicated,K5650,10,"Intestinal adhesions [bands], unspecified as to partial versus complete obstruction",0,Intestinal obstruction and ileus
surgery_indicated,K56691,10,Other complete intestinal obstruction,0,Intestinal obstruction and ileus
surgery_indicated,K56699,10,Other intestinal obstruction unspecified as to partial versus complete obstruction,0,Intestinal obstruction and ileus
surgery_indicated,K56690,10,Other partial intestinal obstruction,0,Intestinal obstruction and ileus
surgery_indicated,K56600,10,"Partial intestinal obstruction, unspecified as to cause",0,Intestinal obstruction and ileus
surgery_indicated,K56601,10,"Complete intestinal obstruction, unspecified as to cause",0,Intestinal obstruction and ileus
surgery_indicated,K56609,10,"Unspecified intestinal obstruction, unspecified as to partial versus complete obstruction",0,Intestinal obstruction and ileus
surgery_indicated,K650,10,Generalized (acute) peritonitis,0,Peritonitis and intra-abdominal abscess
surgery_indicated,K651,10,Peritoneal abscess,0,Peritonitis and intra-abdominal abscess
surgery_indicated,K650,10,Generalized (acute) peritonitis,0,Peritonitis and intra-abdominal abscess
surgery_indicated,K658,10,Other peritonitis,0,Peritonitis and intra-abdominal abscess
surgery_indicated,K659,10,"Peritonitis, unspecified",0,Peritonitis and intra-abdominal abscess
surgery_indicated,K632,10,Fistula of intestine,0,Other specified and unspecified gastrointestinal disorders
surgery_indicated,K631,10,Perforation of intestine (nontraumatic),0,Gastrointestinal and biliary perforation
surgery_indicated,N138,10,Other obstructive and reflux uropathy,0,Other specified and unspecified diseases of kidney and ureters
surgery_indicated,N320,10,Bladder-neck obstruction,0,Other specified and unspecified diseases of bladder and urethra
surgery_indicated,N139,10,"Obstructive and reflux uropathy, unspecified",0,Other specified and unspecified diseases of kidney and ureters
surgery_indicated,N4400,10,"Torsion of testis, unspecified",0,Other specified male genital disorders
surgery_indicated,N4401,10,Extravaginal torsion of spermatic cord,0,Other specified male genital disorders
surgery_indicated,N4404,10,Torsion of appendix epididymis,0,Other specified male genital disorders
surgery_indicated,M533,10,"Sacrococcygeal disorders, not elsewhere classified",0,Spondylopathies/spondyloarthropathy (including infective)
surgery_indicated,M532X7,10,"Spinal instabilities, lumbosacral region",0,Spondylopathies/spondyloarthropathy (including infective)
surgery_indicated,M4327,10,"Fusion of spine, lumbosacral region",0,Spondylopathies/spondyloarthropathy (including infective)
surgery_indicated,M4328,10,"Fusion of spine, sacral and sacrococcygeal region",0,Spondylopathies/spondyloarthropathy (including infective)
surgery_indicated,M533,10,"Sacrococcygeal disorders, not elsewhere classified",0,Spondylopathies/spondyloarthropathy (including infective)
surgery_indicated,Q0702,10,Arnold-Chiari syndrome with hydrocephalus,0,Nervous system congenital anomalies
surgery_indicated,Q0703,10,Arnold-Chiari syndrome with spina bifida and hydrocephalus,0,Nervous system congenital anomalies
surgery_indicated,Q054,10,Unspecified spina bifida with hydrocephalus,0,Nervous system congenital anomalies
surgery_indicated,Q050,10,Cervical spina bifida with hydrocephalus,0,Nervous system congenital anomalies
surgery_indicated,Q051,10,Thoracic spina bifida with hydrocephalus,0,Nervous system congenital anomalies
surgery_indicated,Q052,10,Lumbar spina bifida with hydrocephalus,0,Nervous system congenital anomalies
surgery_indicated,Q058,10,Sacral spina bifida without hydrocephalus,0,Nervous system congenital anomalies
surgery_indicated,Q0701,10,Arnold-Chiari syndrome with spina bifida,0,Nervous system congenital anomalies
surgery_indicated,Q055,10,Cervical spina bifida without hydrocephalus,0,Nervous system congenital anomalies
surgery_indicated,Q056,10,Thoracic spina bifida without hydrocephalus,0,Nervous system congenital anomalies
surgery_indicated,Q057,10,Lumbar spina bifida without hydrocephalus,0,Nervous system congenital anomalies
surgery_indicated,Q019,10,"Encephalocele, unspecified",0,Nervous system congenital anomalies
surgery_indicated,Q030,10,Malformations of aqueduct of Sylvius,0,Nervous system congenital anomalies
surgery_indicated,Q031,10,Atresia of foramina of Magendie and Luschka,0,Nervous system congenital anomalies
surgery_indicated,Q038,10,Other congenital hydrocephalus,0,Nervous system congenital anomalies
surgery_indicated,Q068,10,Other specified congenital malformations of spinal cord,0,Nervous system congenital anomalies
surgery_indicated,Q063,10,Other congenital cauda equina malformations,0,Nervous system congenital anomalies
surgery_indicated,Q060,10,Amyelia,0,Nervous system congenital anomalies
surgery_indicated,Q061,10,Hypoplasia and dysplasia of spinal cord,0,Nervous system congenital anomalies
surgery_indicated,Q200,10,Common arterial trunk,0,Cardiac and circulatory congenital anomalies
surgery_indicated,Q203,10,Discordant ventriculoarterial connection,0,Cardiac and circulatory congenital anomalies
surgery_indicated,Q201,10,Double outlet right ventricle,0,Cardiac and circulatory congenital anomalies
surgery_indicated,Q205,10,Discordant atrioventricular connection,0,Cardiac and circulatory congenital anomalies
surgery_indicated,Q203,10,Discordant ventriculoarterial connection,0,Cardiac and circulatory congenital anomalies
surgery_indicated,Q208,10,Other congenital malformations of cardiac chambers and connections,0,Cardiac and circulatory congenital anomalies
surgery_indicated,Q213,10,Tetralogy of Fallot,0,Cardiac and circulatory congenital anomalies
surgery_indicated,Q204,10,Double inlet ventricle,0,Cardiac and circulatory congenital anomalies
surgery_indicated,I2783,10,Eisenmengers syndrome,0,Pulmonary heart disease
surgery_indicated,Q210,10,Ventricular septal defect,0,Cardiac and circulatory congenital anomalies
surgery_indicated,Q212,10,Atrioventricular septal defect,0,Cardiac and circulatory congenital anomalies
surgery_indicated,Q212,10,Atrioventricular septal defect,0,Cardiac and circulatory congenital anomalies
surgery_indicated,Q208,10,Other congenital malformations of cardiac chambers and connections,0,Cardiac and circulatory congenital anomalies
surgery_indicated,Q218,10,Other congenital malformations of cardiac septa,0,Cardiac and circulatory congenital anomalies
surgery_indicated,Q219,10,"Congenital malformation of cardiac septum, unspecified",0,Cardiac and circulatory congenital anomalies
surgery_indicated,Q223,10,Other congenital malformations of pulmonary valve,0,Cardiac and circulatory congenital anomalies
surgery_indicated,Q220,10,Pulmonary valve atresia,0,Cardiac and circulatory congenital anomalies
surgery_indicated,Q221,10,Congenital pulmonary valve stenosis,0,Cardiac and circulatory congenital anomalies
surgery_indicated,Q222,10,Congenital pulmonary valve insufficiency,0,Cardiac and circulatory congenital anomalies
surgery_indicated,Q229,10,"Congenital malformation of tricuspid valve, unspecified",0,Cardiac and circulatory congenital anomalies
surgery_indicated,Q225,10,Ebsteins anomaly,0,Cardiac and circulatory congenital anomalies
surgery_indicated,Q230,10,Congenital stenosis of aortic valve,0,Cardiac and circulatory congenital anomalies
surgery_indicated,Q231,10,Congenital insufficiency of aortic valve,0,Cardiac and circulatory congenital anomalies
surgery_indicated,Q232,10,Congenital mitral stenosis,0,Cardiac and circulatory congenital anomalies
surgery_indicated,Q233,10,Congenital mitral insufficiency,0,Cardiac and circulatory congenital anomalies
surgery_indicated,Q234,10,Hypoplastic left heart syndrome,0,Cardiac and circulatory congenital anomalies
surgery_indicated,Q244,10,Congenital subaortic stenosis,0,Cardiac and circulatory congenital anomalies
surgery_indicated,Q242,10,Cor triatriatum,0,Cardiac and circulatory congenital anomalies
surgery_indicated,Q243,10,Pulmonary infundibular stenosis,0,Cardiac and circulatory congenital anomalies
surgery_indicated,Q248,10,Other specified congenital malformations of heart,0,Cardiac and circulatory congenital anomalies
surgery_indicated,Q245,10,Malformation of coronary vessels,0,Cardiac and circulatory congenital anomalies
surgery_indicated,Q238,10,Other congenital malformations of aortic and mitral valves,0,Cardiac and circulatory congenital anomalies
surgery_indicated,Q248,10,Other specified congenital malformations of heart,0,Cardiac and circulatory congenital anomalies
surgery_indicated,Q209,10,"Congenital malformation of cardiac chambers and connections, unspecified",0,Cardiac and circulatory congenital anomalies
surgery_indicated,Q249,10,"Congenital malformation of heart, unspecified",0,Cardiac and circulatory congenital anomalies
surgery_indicated,Q250,10,Patent ductus arteriosus,0,Cardiac and circulatory congenital anomalies
surgery_indicated,Q251,10,Coarctation of aorta,0,Cardiac and circulatory congenital anomalies
surgery_indicated,Q2521,10,Interruption of aortic arch,0,Cardiac and circulatory congenital anomalies
surgery_indicated,Q2540,10,Congenital malformation of aorta unspecified,0,Cardiac and circulatory congenital anomalies
surgery_indicated,Q2547,10,Right aortic arch,0,Cardiac and circulatory congenital anomalies
surgery_indicated,Q2545,10,Double aortic arch,0,Cardiac and circulatory congenital anomalies
surgery_indicated,Q2546,10,Tortuous aortic arch,0,Cardiac and circulatory congenital anomalies
surgery_indicated,Q253,10,Supravalvular aortic stenosis,0,Cardiac and circulatory congenital anomalies
surgery_indicated,Q2529,10,Other atresia of aorta,0,Cardiac and circulatory congenital anomalies
surgery_indicated,Q2541,10,Absence and aplasia of aorta,0,Cardiac and circulatory congenital anomalies
surgery_indicated,Q2542,10,Hypoplasia of aorta,0,Cardiac and circulatory congenital anomalies
surgery_indicated,Q2543,10,Congenital aneurysm of aorta,0,Cardiac and circulatory congenital anomalies
surgery_indicated,Q2544,10,Congenital dilation of aorta,0,Cardiac and circulatory congenital anomalies
surgery_indicated,Q2548,10,Anomalous origin of subclavian artery,0,Cardiac and circulatory congenital anomalies
surgery_indicated,Q2549,10,Other congenital malformations of aorta,0,Cardiac and circulatory congenital anomalies
surgery_indicated,Q255,10,Atresia of pulmonary artery,0,Cardiac and circulatory congenital anomalies
surgery_indicated,Q2571,10,Coarctation of pulmonary artery,0,Cardiac and circulatory congenital anomalies
surgery_indicated,Q2572,10,Congenital pulmonary arteriovenous malformation,0,Cardiac and circulatory congenital anomalies
surgery_indicated,Q256,10,Stenosis of pulmonary artery,0,Cardiac and circulatory congenital anomalies
surgery_indicated,Q2579,10,Other congenital malformations of pulmonary artery,0,Cardiac and circulatory congenital anomalies
surgery_indicated,Q269,10,"Congenital malformation of great vein, unspecified",0,Cardiac and circulatory congenital anomalies
surgery_indicated,Q262,10,Total anomalous pulmonary venous connection,0,Cardiac and circulatory congenital anomalies
surgery_indicated,Q263,10,Partial anomalous pulmonary venous connection,0,Cardiac and circulatory congenital anomalies
surgery_indicated,Q260,10,Congenital stenosis of vena cava,0,Cardiac and circulatory congenital anomalies
surgery_indicated,Q261,10,Persistent left superior vena cava,0,Cardiac and circulatory congenital anomalies
surgery_indicated,Q268,10,Other congenital malformations of great veins,0,Cardiac and circulatory congenital anomalies
surgery_indicated,Q310,10,Web of larynx,0,Respiratory congenital malformations
surgery_indicated,Q321,10,Other congenital malformations of trachea,0,Respiratory congenital malformations
surgery_indicated,Q318,10,Other congenital malformations of larynx,0,Respiratory congenital malformations
surgery_indicated,Q324,10,Other congenital malformations of bronchus,0,Respiratory congenital malformations
surgery_indicated,Q311,10,Congenital subglottic stenosis,0,Respiratory congenital malformations
surgery_indicated,Q313,10,Laryngocele,0,Respiratory congenital malformations
surgery_indicated,Q390,10,Atresia of esophagus without fistula,0,Digestive congenital anomalies
surgery_indicated,Q391,10,Atresia of esophagus with tracheo-esophageal fistula,0,Digestive congenital anomalies
surgery_indicated,Q392,10,Congenital tracheo-esophageal fistula without atresia,0,Digestive congenital anomalies
surgery_indicated,Q393,10,Congenital stenosis and stricture of esophagus,0,Digestive congenital anomalies
surgery_indicated,Q394,10,Esophageal web,0,Digestive congenital anomalies
surgery_indicated,Q395,10,Congenital dilatation of esophagus,0,Digestive congenital anomalies
surgery_indicated,Q396,10,Congenital diverticulum of esophagus,0,Digestive congenital anomalies
surgery_indicated,Q398,10,Other congenital malformations of esophagus,0,Digestive congenital anomalies
surgery_indicated,Q400,10,Congenital hypertrophic pyloric stenosis,0,Digestive congenital anomalies
surgery_indicated,Q395,10,Congenital dilatation of esophagus,0,Digestive congenital anomalies
surgery_indicated,Q402,10,Other specified congenital malformations of stomach,0,Digestive congenital anomalies
surgery_indicated,Q408,10,Other specified congenital malformations of upper alimentary tract,0,Digestive congenital anomalies
surgery_indicated,Q409,10,"Congenital malformation of upper alimentary tract, unspecified",0,Digestive congenital anomalies
surgery_indicated,Q385,10,"Congenital malformations of palate, not elsewhere classified",0,Digestive congenital anomalies
surgery_indicated,Q419,10,"Congenital absence, atresia and stenosis of small intestine, part unspecified",0,Digestive congenital anomalies
surgery_indicated,Q429,10,"Congenital absence, atresia and stenosis of large intestine, part unspecified",0,Digestive congenital anomalies
surgery_indicated,Q431,10,Hirschsprungs disease,0,Digestive congenital anomalies
surgery_indicated,Q433,10,Congenital malformations of intestinal fixation,0,Digestive congenital anomalies
surgery_indicated,Q438,10,Other specified congenital malformations of intestine,0,Digestive congenital anomalies
surgery_indicated,Q437,10,Persistent cloaca,0,Digestive congenital anomalies
surgery_indicated,Q435,10,Ectopic anus,0,Digestive congenital anomalies
surgery_indicated,Q434,10,Duplication of intestine,0,Digestive congenital anomalies
surgery_indicated,Q441,10,Other congenital malformations of gallbladder,0,Digestive congenital anomalies
surgery_indicated,Q445,10,Other congenital malformations of bile ducts,0,Digestive congenital anomalies
surgery_indicated,Q447,10,Other congenital malformations of liver,0,Digestive congenital anomalies
surgery_indicated,Q442,10,Atresia of bile ducts,0,Digestive congenital anomalies
surgery_indicated,Q443,10,Congenital stenosis and stricture of bile ducts,0,Digestive congenital anomalies
surgery_indicated,Q444,10,Choledochal cyst,0,Digestive congenital anomalies
surgery_indicated,Q441,10,Other congenital malformations of gallbladder,0,Digestive congenital anomalies
surgery_indicated,Q445,10,Other congenital malformations of bile ducts,0,Digestive congenital anomalies
surgery_indicated,Q447,10,Other congenital malformations of liver,0,Digestive congenital anomalies
surgery_indicated,Q6239,10,Other obstructive defects of renal pelvis and ureter,0,Genitourinary congenital anomalies
surgery_indicated,Q6211,10,Congenital occlusion of ureteropelvic junction,0,Genitourinary congenital anomalies
surgery_indicated,Q6212,10,Congenital occlusion of ureterovesical orifice,0,Genitourinary congenital anomalies
surgery_indicated,Q6261,10,Deviation of ureter,0,Genitourinary congenital anomalies
surgery_indicated,Q628,10,Other congenital malformations of ureter,0,Genitourinary congenital anomalies
surgery_indicated,Q6263,10,Anomalous implantation of ureter,0,Genitourinary congenital anomalies
surgery_indicated,Q6262,10,Displacement of ureter,0,Genitourinary congenital anomalies
surgery_indicated,Q625,10,Duplication of ureter,0,Genitourinary congenital anomalies
surgery_indicated,Q624,10,Agenesis of ureter,0,Genitourinary congenital anomalies
surgery_indicated,Q6419,10,Other exstrophy of urinary bladder,0,Genitourinary congenital anomalies
surgery_indicated,Q6410,10,"Exstrophy of urinary bladder, unspecified",0,Genitourinary congenital anomalies
surgery_indicated,Q6433,10,Congenital stricture of urinary meatus,0,Genitourinary congenital anomalies
surgery_indicated,Q642,10,Congenital posterior urethral valves,0,Genitourinary congenital anomalies
surgery_indicated,Q6431,10,Congenital bladder neck obstruction,0,Genitourinary congenital anomalies
surgery_indicated,Q6432,10,Congenital stricture of urethra,0,Genitourinary congenital anomalies
surgery_indicated,Q6439,10,Other atresia and stenosis of urethra and bladder neck,0,Genitourinary congenital anomalies
surgery_indicated,Q7649,10,"Other congenital malformations of spine, not associated with scoliosis",0,Musculoskeletal congenital conditions
surgery_indicated,Q760,10,Spina bifida occulta,0,Musculoskeletal congenital conditions
surgery_indicated,Q76419,10,"Congenital kyphosis, unspecified region",0,Musculoskeletal congenital conditions
surgery_indicated,Q7649,10,"Other congenital malformations of spine, not associated with scoliosis",0,Musculoskeletal congenital conditions
surgery_indicated,Q791,10,Other congenital malformations of diaphragm,0,Musculoskeletal congenital conditions
surgery_indicated,Q790,10,Congenital diaphragmatic hernia,0,Musculoskeletal congenital conditions
surgery_indicated,Q7959,10,Other congenital malformations of abdominal wall,0,Musculoskeletal congenital conditions
surgery_indicated,Q794,10,Prune belly syndrome,0,Musculoskeletal congenital conditions
surgery_indicated,Q7951,10,Congenital hernia of bladder,0,Musculoskeletal congenital conditions
surgery_indicated,Q792,10,Exomphalos,0,Musculoskeletal congenital conditions
surgery_indicated,Q793,10,Gastroschisis,0,Musculoskeletal congenital conditions
surgery_indicated,Q7959,10,Other congenital malformations of abdominal wall,0,Musculoskeletal congenital conditions
surgery_indicated,P779,10,"Necrotizing enterocolitis in newborn, unspecified",0,Neonatal digestive and feeding disorders
surgery_indicated,P771,10,Stage 1 necrotizing enterocolitis in newborn,0,Neonatal digestive and feeding disorders
surgery_indicated,P772,10,Stage 2 necrotizing enterocolitis in newborn,0,Neonatal digestive and feeding disorders
surgery_indicated,P773,10,Stage 3 necrotizing enterocolitis in newborn,0,Neonatal digestive and feeding disorders
surgery_indicated,P780,10,Perinatal intestinal perforation,0,Neonatal digestive and feeding disorders
surgery_indicated,P7889,10,Other specified perinatal digestive system disorders,0,Neonatal digestive and feeding disorders
surgery_indicated,P7881,10,Congenital cirrhosis (of liver),0,Neonatal digestive and feeding disorders
surgery_indicated,P789,10,"Perinatal digestive system disorder, unspecified",0,Neonatal digestive and feeding disorders
